{
  "transform": {
    "x": -0.009164420485175224,
    "y": -0.0006469002695417795,
    "rot": 0.028140161725067482
  },
  "index": 68,
  "image": "/images/munch/munch-2017-09-30.jpg"
}