{
  "transform": {
    "x": -0.004851752021563337,
    "y": 0.0024797843665768154,
    "rot": -0.0001078167115902952
  },
  "index": 83,
  "image": "/images/munch/munch-2018-03-17.jpg"
}