{
  "transform": {
    "x": -0.001293800539083597,
    "y": 0.001617250673854449,
    "rot": 0.01218328840970357
  },
  "index": 66,
  "image": "/images/munch/munch-2017-09-17.jpg"
}