{
  "transform": {
    "x": -0.009433962264150997,
    "y": 0.0023719676549865355,
    "rot": 0.017789757412399052
  },
  "index": 50,
  "image": "/images/munch/munch-2017-04-07.jpg"
}