{
  "transform": {
    "x": -0.0028571428571429426,
    "y": 0.0052830188679245105,
    "rot": 0.021132075471698344
  },
  "index": 25,
  "image": "/images/munch/munch-2016-10-15.jpg"
}