{
  "transform": {
    "x": -0.012830188679245345,
    "y": -0.0011859838274932495,
    "rot": 0.009595687331536496
  },
  "index": 51,
  "image": "/images/munch/munch-2017-04-28.jpg"
}