{
  "transform": {
    "x": -0.011967654986522953,
    "y": -0.00258760107816711,
    "rot": 0.00301886792452841
  },
  "index": 56,
  "image": "/images/munch/munch-2017-07-06.jpg"
}