{
  "transform": {
    "x": -0.010188679245283076,
    "y": -0.0005390835579514714,
    "rot": 0.015525606469002804
  },
  "index": 46,
  "image": "/images/munch/munch-2017-03-12.jpg"
}