{
  "transform": {
    "x": 0.004582210242587516,
    "y": 0.002479784366576804,
    "rot": 0.025552560646900528
  },
  "index": 24,
  "image": "/images/munch/munch-2016-10-08.jpg"
}