{
  "transform": {
    "x": -0.022479784366577008,
    "y": 0.0010781671159029848,
    "rot": 0.014447439353100033
  },
  "index": 1,
  "image": "/images/munch/munch-2015-07-31.jpg"
}