{
  "transform": {
    "x": -0.005714285714285911,
    "y": 0.0006469002695417967,
    "rot": 0.01735849056603804
  },
  "index": 4,
  "image": "/images/munch/munch-2016-02-21.jpg"
}