{
  "transform": {
    "x": -0.0017789757412399816,
    "y": 0.0028032345013477124,
    "rot": 0.0166037735849058
  },
  "index": 38,
  "image": "/images/munch/munch-2016-12-30.jpg"
}