{
  "transform": {
    "x": -0.004905660377358608,
    "y": 0.006900269541778974,
    "rot": 0.02091644204851783
  },
  "index": 20,
  "image": "/images/munch/munch-2016-09-14.jpg"
}