{
  "transform": {
    "x": -0.0012398921832884715,
    "y": 0.00021563342318058802,
    "rot": 0.028787061994609384
  },
  "index": 29,
  "image": "/images/munch/munch-2016-11-02.jpg"
}