{
  "transform": {
    "x": 0.00857142857142844,
    "y": 0.007331536388140162,
    "rot": 0.013800539083558227
  },
  "index": 17,
  "image": "/images/munch/munch-2016-08-29.jpg"
}