{
  "transform": {
    "x": -0.00884097035040433,
    "y": -0.00032345013477089006,
    "rot": 0.02134770889487876
  },
  "index": 68,
  "image": "/images/munch/munch-2017-10-07.jpg"
}