{
  "transform": {
    "x": -0.002749326145552551,
    "y": 0.004097035040431265,
    "rot": 0.0019407008086253404
  },
  "index": 78,
  "image": "/images/munch/munch-2018-02-02.jpg"
}