{
  "transform": {
    "x": -0.0014016172506740505,
    "y": 0.004420485175202168,
    "rot": 0.01854447439353131
  },
  "index": 8,
  "image": "/images/munch/munch-2016-05-04.jpg"
}