{
  "transform": {
    "x": -5.822165666247159e-17,
    "y": -0.003665768194070087,
    "rot": 0.020053908355795316
  },
  "index": 32,
  "image": "/images/munch/munch-2016-11-19.jpg"
}