{
  "transform": {
    "x": -0.0029110512129380227,
    "y": 0.005606469002695415,
    "rot": 0.005929919137466322
  },
  "index": 71,
  "image": "/images/munch/munch-2017-10-25.jpg"
}