{
  "transform": {
    "x": 0.015902964959568545,
    "y": 0.004420485175202177,
    "rot": 0.011212938005391129
  },
  "index": 2,
  "image": "/images/munch/munch-2015-08-30.jpg"
}