{
  "transform": {
    "x": -2.8189256484623115e-17,
    "y": 0.0018328840970350448,
    "rot": 0.008840970350404426
  },
  "index": 60,
  "image": "/images/munch/munch-2017-08-14.jpg"
}