{
  "transform": {
    "x": -0.006253369272237191,
    "y": 0.003881401617250671,
    "rot": 0.0029110512129379993
  },
  "index": 85,
  "image": "/images/munch/munch-2018-04-14.jpg"
}