{
  "transform": {
    "x": -0.004097035040431461,
    "y": 0.010026954177897583,
    "rot": 0.013692722371967947
  },
  "index": 9,
  "image": "/images/munch/munch-2016-05-10.jpg"
}