{
  "transform": {
    "x": -0.003935309973045837,
    "y": -0.0005390835579514838,
    "rot": 0.010458221024258776
  },
  "index": 71,
  "image": "/images/munch/munch-2017-11-12.jpg"
}