{
  "transform": {
    "x": 0.01498652291105111,
    "y": 0.0072237196765498595,
    "rot": 0.016711590296496236
  },
  "index": 22,
  "image": "/images/munch/munch-2016-09-28.jpg"
}