{
  "transform": {
    "x": -0.014663072776280338,
    "y": 0.008517520215633428,
    "rot": 0.011428571428571437
  },
  "index": 74,
  "image": "/images/munch/munch-2017-12-10.jpg"
}