{
  "transform": {
    "x": -0.026900269541779036,
    "y": -0.004420485175202151,
    "rot": 0.012075471698113316
  },
  "index": 54,
  "image": "/images/munch/munch-2017-06-29.jpg"
}