{
  "transform": {
    "x": -0.002210242587601275,
    "y": 0.004851752021563349,
    "rot": 0.01617250673854477
  },
  "index": 10,
  "image": "/images/munch/munch-2016-05-26.jpg"
}