{
  "transform": {
    "x": 0.00862533692722365,
    "y": 0.0006469002695417613,
    "rot": 0.020485175202156543
  },
  "index": 28,
  "image": "/images/munch/munch-2016-10-30.jpg"
}