{
  "transform": {
    "x": -0.005390835579514962,
    "y": 0.004743935309973049,
    "rot": 0.019407008086253667
  },
  "index": 15,
  "image": "/images/munch/munch-2016-08-03.jpg"
}