{
  "transform": {
    "x": -0.01541778975741253,
    "y": 0.00280323450134771,
    "rot": 0.021239892183288717
  },
  "index": 19,
  "image": "/images/munch/munch-2016-09-11.jpg"
}