{
  "transform": {
    "x": -0.010619946091644293,
    "y": 0.005606469002695422,
    "rot": 0.01778975741239906
  },
  "index": 39,
  "image": "/images/munch/munch-2017-01-07.jpg"
}