{
  "transform": {
    "x": -0.0005390835579514785,
    "y": -0.0025876010781671196,
    "rot": 0.0054986522911051276
  },
  "index": 81,
  "image": "/images/munch/munch-2018-03-03.jpg"
}