{
  "transform": {
    "x": -0.005390835579514904,
    "y": 0.0014016172506738371,
    "rot": 0.018221024258760335
  },
  "index": 26,
  "image": "/images/munch/munch-2016-10-23.jpg"
}