{
  "transform": {
    "x": -0.006792452830188751,
    "y": 0.0024797843665768267,
    "rot": 0.02156334231805946
  },
  "index": 40,
  "image": "/images/munch/munch-2017-01-21.jpg"
}