{
  "transform": {
    "x": -0.006253369272237297,
    "y": 0.005822102425876006,
    "rot": 0.01789757412398948
  },
  "index": 23,
  "image": "/images/munch/munch-2016-10-03.jpg"
}