{
  "transform": {
    "x": -0.002911051212938048,
    "y": -0.004097035040431251,
    "rot": 0.013908355795148354
  },
  "index": 48,
  "image": "/images/munch/munch-2017-03-26.jpg"
}