{
  "transform": {
    "x": -0.004905660377358551,
    "y": 0.0007547169811320729,
    "rot": 0.021994609164420663
  },
  "index": 30,
  "image": "/images/munch/munch-2016-11-06.jpg"
}