{
  "transform": {
    "x": 0.016981132075471642,
    "y": -0.0037735849056603826,
    "rot": 0.02512129380053927
  },
  "index": 33,
  "image": "/images/munch/munch-2016-11-28.jpg"
}