{
  "transform": {
    "x": -0.011805929919137466,
    "y": 0.00204851752021563,
    "rot": 0.00010781671159029933
  },
  "index": 80,
  "image": "/images/munch/munch-2018-02-22.jpg"
}