{
  "transform": {
    "x": -0.008301886792453032,
    "y": 0.004959568733153644,
    "rot": 0.009595687331536672
  },
  "index": 11,
  "image": "/images/munch/munch-2016-06-16.jpg"
}