{
  "transform": {
    "x": -0.0009703504043127266,
    "y": 0.00646900269541778,
    "rot": 0.021994609164420663
  },
  "index": 31,
  "image": "/images/munch/munch-2016-11-11.jpg"
}