{
  "transform": {
    "x": 0.0011859838274932326,
    "y": 0.001940700808625336,
    "rot": 0.021886792452830282
  },
  "index": 65,
  "image": "/images/munch/munch-2017-09-10.jpg"
}