{
  "transform": {
    "x": -0.0017789757412399057,
    "y": -0.005822102425876009,
    "rot": 0.01067385444743946
  },
  "index": 59,
  "image": "/images/munch/munch-2017-08-01.jpg"
}