{
  "transform": {
    "x": -0.012452830188679266,
    "y": -0.0026954177897574117,
    "rot": 0.002911051212938008
  },
  "index": 77,
  "image": "/images/munch/munch-2018-01-07.jpg"
}