{
  "transform": {
    "x": -0.009380053908355878,
    "y": 0.008625336927223726,
    "rot": 0.017035040431266968
  },
  "index": 42,
  "image": "/images/munch/munch-2017-02-05.jpg"
}