{
  "transform": {
    "x": -0.004366576819406999,
    "y": -0.000862533692722374,
    "rot": -0.0011859838274932664
  },
  "index": 84,
  "image": "/images/munch/munch-2018-04-06.jpg"
}