{
  "transform": {
    "x": -0.00474393530997314,
    "y": 0.004851752021563343,
    "rot": 0.01876010781671175
  },
  "index": 36,
  "image": "/images/munch/munch-2016-12-17.jpg"
}