{
  "transform": {
    "x": 0.005229110512129307,
    "y": -0.002803234501347709,
    "rot": 0.022318059299191544
  },
  "index": 35,
  "image": "/images/munch/munch-2016-12-11.jpg"
}