{
  "transform": {
    "x": 0.0030188679245280983,
    "y": -0.0011859838274932474,
    "rot": 0.026738544474393867
  },
  "index": 6,
  "image": "/images/munch/munch-2016-04-20.jpg"
}