{
  "transform": {
    "x": -0.0028032345013476994,
    "y": 0.0008625336927223697,
    "rot": 3.0899761915836876e-18
  },
  "index": 80,
  "image": "/images/munch/munch-2018-02-17.jpg"
}