{
  "transform": {
    "x": -0.019568733153638905,
    "y": 0.003773584905660385,
    "rot": 0.010889487870620055
  },
  "index": 53,
  "image": "/images/munch/munch-2017-06-01.jpg"
}