{
  "transform": {
    "x": -0.021671159029649705,
    "y": 0.0054986522911051215,
    "rot": 0.029002695417790107
  },
  "index": 21,
  "image": "/images/munch/munch-2016-09-25.jpg"
}