{
  "transform": {
    "x": -0.0037735849056603926,
    "y": 0.0012938005390835624,
    "rot": 0.007115902964959676
  },
  "index": 57,
  "image": "/images/munch/munch-2017-07-16.jpg"
}