{
  "transform": {
    "x": 0.001617250673854374,
    "y": -0.0008625336927223897,
    "rot": 0.028679245283019128
  },
  "index": 27,
  "image": "/images/munch/munch-2016-10-27.jpg"
}