{
  "transform": {
    "x": -0.003288409703504243,
    "y": 0.005822102425876017,
    "rot": 0.0070080862533695555
  },
  "index": 12,
  "image": "/images/munch/munch-2016-06-30.jpg"
}