{
  "transform": {
    "x": -0.002587601078167137,
    "y": -0.0009703504043126673,
    "rot": 0.009487870619946203
  },
  "index": 63,
  "image": "/images/munch/munch-2017-08-29.jpg"
}