{
  "transform": {
    "x": -0.01557951482479793,
    "y": 0.006900269541778979,
    "rot": 0.017035040431266968
  },
  "index": 41,
  "image": "/images/munch/munch-2017-01-28.jpg"
}