{
  "transform": {
    "x": -0.019946091644205025,
    "y": 0.0076549865229110555,
    "rot": 0.01595687331536416
  },
  "index": 14,
  "image": "/images/munch/munch-2016-07-28.jpg"
}