{
  "transform": {
    "x": 0.004312668463611654,
    "y": 0.001832884097035057,
    "rot": 0.011212938005391129
  },
  "index": 3,
  "image": "/images/munch/munch-2015-10-03.jpg"
}