{
  "transform": {
    "x": -0.004204851752021557,
    "y": 0.0017250673854447428,
    "rot": -0.001293800539083556
  },
  "index": 78,
  "image": "/images/munch/munch-2018-01-20.jpg"
}