{
  "transform": {
    "x": 0.00005390835579508949,
    "y": -0.001832884097035037,
    "rot": 0.01380053908355806
  },
  "index": 44,
  "image": "/images/munch/munch-2017-02-27.jpg"
}