{
  "transform": {
    "x": -0.007061994609164426,
    "y": -0.003450134770889489,
    "rot": 0.0059299191374663105
  },
  "index": 75,
  "image": "/images/munch/munch-2017-12-17.jpg"
}