{
  "transform": {
    "x": -0.013746630727762832,
    "y": 0.0009703504043126673,
    "rot": 0.013800539083558022
  },
  "index": 66,
  "image": "/images/munch/munch-2017-09-25.jpg"
}