{
  "transform": {
    "x": -0.017035040431266874,
    "y": 0.007115902964959569,
    "rot": 0.004743935309973156
  },
  "index": 61,
  "image": "/images/munch/munch-2017-08-20.jpg"
}