{
  "transform": {
    "x": -0.01099730458221028,
    "y": -0.0014016172506738501,
    "rot": 0.011859838274932725
  },
  "index": 58,
  "image": "/images/munch/munch-2017-07-23.jpg"
}