{
  "transform": {
    "x": -0.010134770889488076,
    "y": 0.0038814016172506916,
    "rot": 0.0153099730458224
  },
  "index": 5,
  "image": "/images/munch/munch-2016-03-19.jpg"
}