{
  "transform": {
    "x": 0.002479784366576751,
    "y": -0.004312668463611864,
    "rot": 0.022318059299191544
  },
  "index": 34,
  "image": "/images/munch/munch-2016-12-04.jpg"
}