{
  "transform": {
    "x": -0.0019407008086255394,
    "y": 0.004528301886792466,
    "rot": 0.01574123989218359
  },
  "index": 7,
  "image": "/images/munch/munch-2016-04-27.jpg"
}