{
  "transform": {
    "x": -0.010997304582210363,
    "y": -0.00043126684636118407,
    "rot": 0.016603773584905807
  },
  "index": 37,
  "image": "/images/munch/munch-2016-12-22.jpg"
}