{
  "transform": {
    "x": -0.012345013477089025,
    "y": 0.003018867924528304,
    "rot": 0.01380053908355806
  },
  "index": 43,
  "image": "/images/munch/munch-2017-02-12.jpg"
}