{
  "transform": {
    "x": -0.007978436657681984,
    "y": 0.0005390835579514942,
    "rot": 0.018975741239892315
  },
  "index": 49,
  "image": "/images/munch/munch-2017-04-01.jpg"
}