{
  "transform": {
    "x": -0.0023180592991914172,
    "y": 0.00010781671159031071,
    "rot": 0.015525606469002804
  },
  "index": 47,
  "image": "/images/munch/munch-2017-03-19.jpg"
}