{
  "transform": {
    "x": -0.009865229110512332,
    "y": 0.007978436657681946,
    "rot": 0.01595687331536416
  },
  "index": 13,
  "image": "/images/munch/munch-2016-07-08.jpg"
}