{
  "transform": {
    "x": -0.0056064690026954205,
    "y": -0.0048517520215633405,
    "rot": 0.0059299191374663105
  },
  "index": 75,
  "image": "/images/munch/munch-2018-01-02.jpg"
}