{
  "transform": {
    "x": -0.0007008086253369402,
    "y": -0.0011859838274932595,
    "rot": 0.013153638814016185
  },
  "index": 74,
  "image": "/images/munch/munch-2017-11-18.jpg"
}