{
  "transform": {
    "x": 0.0028571428571427236,
    "y": 0.0034501347708894917,
    "rot": 0.022102425876011092
  },
  "index": 18,
  "image": "/images/munch/munch-2016-09-07.jpg"
}