{
  "transform": {
    "x": 0.0044743935309972845,
    "y": -0.0021563342318059306,
    "rot": 0.011212938005390857
  },
  "index": 70,
  "image": "/images/munch/munch-2017-10-16.jpg"
}