{
  "transform": {
    "x": -0.007493261455525617,
    "y": 0.0010781671159029668,
    "rot": 0.0047439353099731265
  },
  "index": 64,
  "image": "/images/munch/munch-2017-09-03.jpg"
}