{
  "transform": {
    "x": -0.011266846361186,
    "y": -0.003126684636118599,
    "rot": 0.0037735849056603696
  },
  "index": 86,
  "image": "/images/munch/munch-2018-04-22.jpg"
}