{
  "transform": {
    "x": -0.01752021563342324,
    "y": 8.023096076392733e-18,
    "rot": 0.015956873315364002
  },
  "index": 53,
  "image": "/images/munch/munch-2017-06-21.jpg"
}