{
  "transform": {
    "x": -0.0019946091644206182,
    "y": 0.003773584905660381,
    "rot": 0.015309973045822382
  },
  "index": 16,
  "image": "/images/munch/munch-2016-08-11.jpg"
}