{
  "transform": {
    "x": -0.0015633423180593572,
    "y": -0.009811320754716977,
    "rot": 0.015525606469002804
  },
  "index": 45,
  "image": "/images/munch/munch-2017-03-03.jpg"
}