{
  "transform": {
    "x": -0.003989218328841023,
    "y": 0.003773584905660388,
    "rot": 0.012614555256064803
  },
  "index": 54,
  "image": "/images/munch/munch-2017-06-05.jpg"
}