{
  "transform": {
    "x": -0.009164420485175219,
    "y": -0.006037735849056597,
    "rot": -0.0010781671159028547
  },
  "index": 59,
  "image": "/images/munch/munch-2017-08-08.jpg"
}