{
  "index": 46,
  "image": "/images/library/library-2017-02-27.jpg",
  "transform": {
    "x": -0.1532286792452815,
    "y": 0.00649358490566042,
    "rot": 0.01060097035040437
  }
}