{
  "transform": {
    "x": -0.15441466307277366,
    "y": 0.006170134770889414,
    "rot": 0.011463504043126656
  },
  "index": 55,
  "image": "/images/library/library-2017-06-05.jpg"
}