{
  "transform": {
    "x": -0.11752021563342332,
    "y": 0.0053908355795148225,
    "rot": 0.0011859838274932625
  },
  "index": 1,
  "image": "/images/library/library-2015-06-05.jpg"
}