{
  "index": 81,
  "image": "/images/library/library-2018-02-17.jpg",
  "transform": {
    "x": -0.16233919137466016,
    "y": 0.028811644204851793,
    "rot": 0.032919029649595644
  }
}