{
  "index": 88,
  "image": "/images/library/library-2018-04-27.jpg",
  "transform": {
    "x": -0.17144970350403943,
    "y": 0.03916204851752021,
    "rot": 0.04585703504043123
  }
}