{
  "transform": {
    "x": -0.14018285714285575,
    "y": 0.0033669002695418246,
    "rot": 0.01060097035040437
  },
  "index": 45,
  "image": "/images/library/library-2017-02-20.jpg"
}