{
  "transform": {
    "x": -0.12519633423180607,
    "y": 0.0023965498652291127,
    "rot": 0.004455417789757414
  },
  "index": 7,
  "image": "/images/library/library-2016-04-20.jpg"
}