{
  "transform": {
    "x": -0.1630399999999971,
    "y": 0.02482242587601073,
    "rot": 0.03227212938005394
  },
  "index": 70,
  "image": "/images/library/library-2017-09-30.jpg"
}