{
  "transform": {
    "x": -0.13915859838274658,
    "y": 0.019431590296495885,
    "rot": 0.026126576819407023
  },
  "index": 69,
  "image": "/images/library/library-2017-09-25.jpg"
}