{
  "transform": {
    "x": -0.16088366576819185,
    "y": 0.018461239892183234,
    "rot": 0.020951374663072883
  },
  "index": 60,
  "image": "/images/library/library-2017-07-23.jpg"
}