{
  "transform": {
    "x": -0.15861951482479578,
    "y": 0.0016418328840970796,
    "rot": 0.008552452830188738
  },
  "index": 47,
  "image": "/images/library/library-2017-03-03.jpg"
}