{
  "index": 20,
  "image": "/images/library/library-2016-09-07.jpg",
  "transform": {
    "x": -0.09969768194070036,
    "y": 0.008326469002695434,
    "rot": 0.008121185983827517
  }
}