{
  "index": 83,
  "image": "/images/library/library-2018-03-03.jpg",
  "transform": {
    "x": -0.16433380053908045,
    "y": 0.023744258760107845,
    "rot": 0.030115795148247915
  }
}