{
  "transform": {
    "x": -0.11737962264150952,
    "y": 0.007463935309973044,
    "rot": 0.010493153638814019
  },
  "index": 8,
  "image": "/images/library/library-2016-04-27.jpg"
}