{
  "transform": {
    "x": -0.1624470080862509,
    "y": 0.0064935849056602995,
    "rot": 0.014051105121293778
  },
  "index": 56,
  "image": "/images/library/library-2017-06-21.jpg"
}