{
  "transform": {
    "x": -0.10735266846361141,
    "y": 0.004660700808625355,
    "rot": 0.007258652291105151
  },
  "index": 30,
  "image": "/images/library/library-2016-10-30.jpg"
}