{
  "transform": {
    "x": -0.1322583288409701,
    "y": 0.0013183827493261652,
    "rot": 0.0034850673854447773
  },
  "index": 32,
  "image": "/images/library/library-2016-11-06.jpg"
}