{
  "index": 37,
  "image": "/images/library/library-2016-12-11.jpg",
  "transform": {
    "x": -0.1319348787061991,
    "y": 0.008865552560646948,
    "rot": 0.014913638814016222
  }
}