{
  "index": 50,
  "image": "/images/library/library-2017-03-26.jpg",
  "transform": {
    "x": -0.16746048517519962,
    "y": 0.002827816711590347,
    "rot": 0.009307169811320822
  }
}