{
  "transform": {
    "x": -0.10115320754716953,
    "y": 0.008973369272237242,
    "rot": 0.014913638814016222
  },
  "index": 35,
  "image": "/images/library/library-2016-11-28.jpg"
}