{
  "index": 75,
  "image": "/images/library/library-2017-12-10.jpg",
  "transform": {
    "x": -0.17274350404312303,
    "y": 0.015334555256064699,
    "rot": 0.02062792452830179
  }
}