{
  "transform": {
    "x": -0.1611532075471663,
    "y": 0.022773908355795163,
    "rot": 0.026881293800538986
  },
  "index": 76,
  "image": "/images/library/library-2017-12-17.jpg"
}