{
  "index": 67,
  "image": "/images/library/library-2017-09-10.jpg",
  "transform": {
    "x": -0.1692933692722341,
    "y": 0.017706522911051143,
    "rot": 0.018040323450134756
  }
}