{
  "index": 22,
  "image": "/images/library/library-2016-09-14.jpg",
  "transform": {
    "x": -0.11732571428571388,
    "y": 0.005307601078167131,
    "rot": 0.0041319676549865444
  }
}