{
  "transform": {
    "x": -0.16336345013476739,
    "y": 0.020078490566037745,
    "rot": 0.02440150943396215
  },
  "index": 77,
  "image": "/images/library/library-2018-01-02.jpg"
}