{
  "index": 58,
  "image": "/images/library/library-2017-07-06.jpg",
  "transform": {
    "x": -0.16115320754716758,
    "y": 0.006062318059299147,
    "rot": 0.010169703504043193
  }
}