{
  "transform": {
    "x": -0.11899687331536372,
    "y": 0.007356118598382779,
    "rot": 0.012972938005390868
  },
  "index": 33,
  "image": "/images/library/library-2016-11-11.jpg"
}