{
  "transform": {
    "x": -0.1543607547169785,
    "y": 0.020617574123989152,
    "rot": 0.025156226415094397
  },
  "index": 65,
  "image": "/images/library/library-2017-08-29.jpg"
}