{
  "transform": {
    "x": -0.16131493261455326,
    "y": 0.005954501347708939,
    "rot": 0.015129272237196824
  },
  "index": 43,
  "image": "/images/library/library-2017-02-05.jpg"
}