{
  "transform": {
    "x": -0.16902382749325812,
    "y": 0.029027277628032384,
    "rot": 0.03259557951482475
  },
  "index": 85,
  "image": "/images/library/library-2018-04-06.jpg"
}