{
  "transform": {
    "x": -0.17225832884096703,
    "y": 0.031183611859838332,
    "rot": 0.03216431266846357
  },
  "index": 80,
  "image": "/images/library/library-2018-02-02.jpg"
}