{
  "transform": {
    "x": -0.1543068463611846,
    "y": 0.0014261994609164907,
    "rot": 0.011571320754717035
  },
  "index": 41,
  "image": "/images/library/library-2017-01-21.jpg"
}