{
  "index": 63,
  "image": "/images/library/library-2017-08-14.jpg",
  "transform": {
    "x": -0.16794566037735606,
    "y": 0.026224043126684634,
    "rot": 0.03227212938005401
  }
}