{
  "transform": {
    "x": -0.12470857142857131,
    "y": -0.013110512129380051,
    "rot": -0.0056
  },
  "index": 6,
  "image": "/images/library/library-2016-03-19.jpg"
}