{
  "index": 3,
  "image": "/images/library/library-2015-08-30.jpg",
  "transform": {
    "x": -0.11546134770889475,
    "y": 0.0017009164420485284,
    "rot": 0.002156334231805927
  }
}