{
  "index": 34,
  "image": "/images/library/library-2016-11-19.jpg",
  "transform": {
    "x": -0.11182706199460896,
    "y": 0.00034803234501350774,
    "rot": 0.00585703504043131
  }
}