{
  "index": 84,
  "image": "/images/library/library-2018-03-17.jpg",
  "transform": {
    "x": -0.1602906738544444,
    "y": 0.021372291105121306,
    "rot": 0.030115795148247915
  }
}