{
  "index": 72,
  "image": "/images/library/library-2017-10-16.jpg",
  "transform": {
    "x": -0.15759525606468713,
    "y": 0.01878469002695414,
    "rot": 0.02957671159029651
  }
}