{
  "transform": {
    "x": -0.13985940700808594,
    "y": 0.004768517520215683,
    "rot": 0.014913638814016222
  },
  "index": 39,
  "image": "/images/library/library-2016-12-22.jpg"
}