{
  "index": 38,
  "image": "/images/library/library-2016-12-17.jpg",
  "transform": {
    "x": -0.16746048517520146,
    "y": 0.0016418328840970865,
    "rot": 0.014913638814016222
  }
}