{
  "index": 64,
  "image": "/images/library/library-2017-08-20.jpg",
  "transform": {
    "x": -0.173767762803232,
    "y": 0.028488194070080842,
    "rot": 0.03227212938005401
  }
}