{
  "index": 16,
  "image": "/images/library/library-2016-07-28.jpg",
  "transform": {
    "x": -0.12169229110512131,
    "y": 0.011560970350404329,
    "rot": 0.01653088948787065
  }
}