{
  "index": 59,
  "image": "/images/library/library-2017-07-16.jpg",
  "transform": {
    "x": -0.14832301886792262,
    "y": 0.022558274932614523,
    "rot": 0.027743827493261534
  }
}