{
  "index": 23,
  "image": "/images/library/library-2016-09-25.jpg",
  "transform": {
    "x": -0.11915859838274893,
    "y": 0.005307601078167131,
    "rot": 0.0041319676549865444
  }
}