{
  "index": 14,
  "image": "/images/library/library-2016-06-30.jpg",
  "transform": {
    "x": -0.11123407008086247,
    "y": 0.006062318059299193,
    "rot": 0.007582102425876021
  }
}