{
  "index": 19,
  "image": "/images/library/library-2016-08-29.jpg",
  "transform": {
    "x": -0.12277045822102396,
    "y": -0.01172743935309972,
    "rot": -0.00805132075471695
  }
}