{
  "transform": {
    "x": -0.20010781671158986,
    "y": 0.0014714824797843618,
    "rot": 0
  },
  "index": 2,
  "image": "/images/library/library-2015-07-31.jpg"
}