{
  "transform": {
    "x": -0.1641720754716955,
    "y": 0.01662835579514821,
    "rot": 0.02256862533692733
  },
  "index": 62,
  "image": "/images/library/library-2017-08-08.jpg"
}