{
  "transform": {
    "x": -0.16066803234501123,
    "y": 0.0013183827493261913,
    "rot": 0.010169703504043193
  },
  "index": 49,
  "image": "/images/library/library-2017-03-19.jpg"
}