{
  "transform": {
    "x": -0.17010199460916112,
    "y": 0.030860161725067416,
    "rot": 0.029576711590296432
  },
  "index": 86,
  "image": "/images/library/library-2018-04-14.jpg"
}