{
  "transform": {
    "x": -0.1445494339622636,
    "y": 0.013501671159029702,
    "rot": 0.014913638814016222
  },
  "index": 36,
  "image": "/images/library/library-2016-12-04.jpg"
}