{
  "index": 44,
  "image": "/images/library/library-2017-02-12.jpg",
  "transform": {
    "x": -0.15457638814016011,
    "y": 0.008865552560646943,
    "rot": 0.015129272237196824
  }
}