{
  "index": 4,
  "image": "/images/library/library-2015-10-03.jpg",
  "transform": {
    "x": -0.14126037735849073,
    "y": 0.009694447439353101,
    "rot": 0.013864797843665781
  }
}