{
  "index": 28,
  "image": "/images/library/library-2016-10-23.jpg",
  "transform": {
    "x": -0.11689444743935272,
    "y": 0.01242350404312671,
    "rot": 0.013727654986522942
  }
}