{
  "transform": {
    "x": -0.16363299191374372,
    "y": 0.026008409703503984,
    "rot": 0.03119396226415102
  },
  "index": 66,
  "image": "/images/library/library-2017-09-03.jpg"
}