{
  "index": 73,
  "image": "/images/library/library-2017-11-12.jpg",
  "transform": {
    "x": -0.17489983827492955,
    "y": 0.02633185983827491,
    "rot": 0.041220916442048595
  }
}