{
  "transform": {
    "x": -0.16891601078166749,
    "y": 0.018245606469002702,
    "rot": 0.02299989218328832
  },
  "index": 74,
  "image": "/images/library/library-2017-11-18.jpg"
}